Absolute,Percent
1.976307e-07,6.903159e-08
7.972043e-07,3.313003e-07
1.066427e-07,1.110782e-07
1.419362e-07,1.611829e-08
1.676657e-07,2.027798e-08